{
   "Tandem": {
      "config": 1,
      "WingLoading": 1745,
      "maxPerimeter": 8.77182,
      "mPropellers": 25.0,
      "weightFractions": {
         "Front wing": {
            "mass": 119.45329511024428,
            "fracOEM": 0.09637744773327225,
            "fracEM": 0.06638388864833066
         },
         "Back wing": {
            "mass": 119.45329511024428,
            "fracOEM": 0.09637744773327225,
            "fracEM": 0.06638388864833066
         },
         "Fuselage": {
            "mass": 90.21643376125438,
            "fracOEM": 0.07278852895169609,
            "fracEM": 0.05013606102309187
         },
         "Landing gear": {
            "mass": 77.24,
            "fracOEM": 0.06231886743724943,
            "fracEM": 0.04292465565277929
         },
         "Propulsion": {
            "mass": 400.0,
            "fracOEM": 0.32272846937985206,
            "fracEM": 0.22229236485126508
         },
         "Cargo": {
            "mass": 85,
            "fracOEM": 0.0,
            "fracEM": 0.04723712753089383
         },
         "Battery": {
            "mass": 433.069,
            "fracOEM": 0.3494092387646579,
            "fracEM": 0.24066983038443132
         },
         "Payload": {
            "mass": 475,
            "fracOEM": 0.0,
            "fracEM": 0.3832400573885743
         }
      },
      "MaxNormalStress": 49.58530127339921,
      "MaxShearStress": -14.332928437734498,
      "critBucklingStress": 209.6121519610381,
      "fatigueLife": -10190698.848106515,
      "deflectionX": 0.00019086468912730663,
      "deflectionY": 0.001726691318453953,
      "maxVonMises": 55.452688078914804,
      "Passed": false
   },
   "Box": {
      "config": 2,
      "WingLoading": 1745,
      "maxPerimeter": 8.77182,
      "mPropellers": 16.666666666666668,
      "weightFractions": {
         "Front wing": {
            "mass": 118.37608456260782,
            "fracOEM": 0.08598796805221666,
            "fracEM": 0.06112387504632364
         },
         "Back wing": {
            "mass": 118.37608456260782,
            "fracOEM": 0.08598796805221666,
            "fracEM": 0.06112387504632364
         },
         "Fuselage": {
            "mass": 90.21643376125438,
            "fracOEM": 0.06553289756720067,
            "fracEM": 0.046583548059754856
         },
         "Landing gear": {
            "mass": 77.24,
            "fracOEM": 0.0561068620988261,
            "fracEM": 0.03988312441674857
         },
         "Propulsion": {
            "mass": 400.0,
            "fracOEM": 0.2905585815578773,
            "fracEM": 0.206541296824177
         },
         "Cargo": {
            "mass": 85,
            "fracOEM": 0.0,
            "fracEM": 0.04389002557513761
         },
         "Battery": {
            "mass": 572.4501,
            "fracOEM": 0.41582572267166257,
            "fracEM": 0.2955864650528245
         },
         "Payload": {
            "mass": 475,
            "fracOEM": 0.0,
            "fracEM": 0.3450383155999793
         }
      },
      "MaxNormalStress": 48.36708584340736,
      "MaxShearStress": -14.071271361889028,
      "critBucklingStress": 209.6121519610381,
      "fatigueLife": -10980271.325987212,
      "deflectionX": 0.00018933079737264106,
      "deflectionY": 0.0016841454065582699,
      "maxVonMises": 54.160659395942474,
      "Passed": false
   },
   "Single": {
      "config": 3,
      "WingLoading": 1422,
      "maxPerimeter": 8.77182,
      "mPropellers": 100.0,
      "weightFractions": {
         "Front wing": {
            "mass": 211.5286237107415,
            "fracOEM": [
               0.17137272243972998,
               0.20681520760975095
            ],
            "fracEM": [
               0.11788796333484206,
               0.13364284629934292
            ]
         },
         "Back wing": {
            "mass": 0,
            "fracOEM": [
               0.0,
               0.0
            ],
            "fracEM": [
               0.0,
               0.0
            ]
         },
         "Fuselage": {
            "mass": 112.48147152994906,
            "fracOEM": [
               0.09112835729728003,
               0.10997508743085255
            ],
            "fracEM": [
               0.06268755196792952,
               0.07106529484046159
            ]
         },
         "Landing gear": {
            "mass": 77.24,
            "fracOEM": [
               0.06257701132375199,
               0.07551888891227147
            ],
            "fracEM": [
               0.043046969853285204,
               0.04879988942904025
            ]
         },
         "Propulsion": {
            "mass": 400.0,
            "fracOEM": [
               0.3240653098071051,
               0.3910869441339797
            ],
            "fracEM": [
               0.22292578898645887,
               0.25271822594013593
            ]
         },
         "Cargo": {
            "mass": 85,
            "fracOEM": 0.0,
            "fracEM": [
               0.04737173015962251,
               0.053702623012278884
            ]
         },
         "Battery": {
            "mass": 433.069,
            "fracOEM": [
               0.35085659913213296,
               0.42341907952289615
            ],
            "fracEM": [
               0.24135562127644192,
               0.27361107347417185
            ]
         },
         "Payload": {
            "mass": 475,
            "fracOEM": 0.0,
            "fracEM": [
               0.38482755539593727,
               0.4644157461591009
            ]
         }
      },
      "MaxNormalStress": 10.551161553760148,
      "MaxShearStress": -5.365502150417072,
      "critBucklingStress": 61.00301951484689,
      "fatigueLife": -1057731929.4283823,
      "deflectionX": 0.00023301915274417934,
      "deflectionY": 0.0006923285535802196,
      "maxVonMises": 14.060328947501084,
      "Passed": false
   }
}