{
   "Tandem": {
      "config": 1,
      "WingLoading": 1422,
      "maxPerimeter": 8.77182,
      "mPropellers": 25.0,
      "weightFractions": {
         "Front wing": {
            "mass": 118.18925549025741,
            "fracOEM": 0.0918342176209154,
            "fracEM": 0.06399037297338755
         },
         "Back wing": {
            "mass": 118.18925549025741,
            "fracOEM": 0.0918342176209154,
            "fracEM": 0.06399037297338755
         },
         "Fuselage": {
            "mass": 90.21643376125438,
            "fracOEM": 0.07009905914583649,
            "fracEM": 0.048845245879287735
         },
         "Landing gear": {
            "mass": 77.24,
            "fracOEM": 0.060016242082379635,
            "fracEM": 0.04181950709446583
         },
         "Propulsion": {
            "mass": 400.0,
            "fracOEM": 0.31080394656851185,
            "fracEM": 0.21656917190298206
         },
         "Cargo": {
            "mass": 85,
            "fracOEM": 0.0,
            "fracEM": 0.04602094902938369
         },
         "Battery": {
            "mass": 483.15,
            "fracOEM": 0.37541231696144123,
            "fracEM": 0.2615884885123144
         },
         "Payload": {
            "mass": 475,
            "fracOEM": 0.0,
            "fracEM": 0.3690796865501078
         }
      },
      "MaxNormalStress": 51.48796002717279,
      "MaxShearStress": 84.99801563958715,
      "critBucklingStress": 216.71591844434244,
      "fatigueLife": 15269411.896376513,
      "deflectionX": 0.0016881422488809845,
      "deflectionY": 0.0017323990216601395,
      "maxVonMises": 155.9647332436479,
      "EOW": 12625.322307916756,
      "MTOW": 18118.922307916757,
      "cgOEM": 2.0,
      "cgMTOM": 1.9637246637062504,
      "Passed": true,
      "w_fus": 1.3,
      "h_fus": 1.6,
      "l_fus": 4,
      "omaxVTOL": 22.666014481560584,
      "taumaxVTOL": 5.678125476102484
   },
   "Box": {
      "config": 2,
      "WingLoading": 1422,
      "maxPerimeter": 8.77182,
      "mPropellers": 16.666666666666668,
      "weightFractions": {
         "Front wing": {
            "mass": 119.81451299861625,
            "fracOEM": 0.08668329073432082,
            "fracEM": 0.06168978214493773
         },
         "Back wing": {
            "mass": 119.81451299861625,
            "fracOEM": 0.08668329073432082,
            "fracEM": 0.06168978214493773
         },
         "Fuselage": {
            "mass": 90.21643376125438,
            "fracOEM": 0.06526970031444126,
            "fracEM": 0.04645040075144539
         },
         "Landing gear": {
            "mass": 77.24,
            "fracOEM": 0.05588152226931195,
            "fracEM": 0.03976912857735373
         },
         "Propulsion": {
            "mass": 400.0,
            "fracOEM": 0.28939162231647825,
            "fracEM": 0.2059509506854155
         },
         "Cargo": {
            "mass": 85,
            "fracOEM": 0.0,
            "fracEM": 0.04376457702065079
         },
         "Battery": {
            "mass": 575.12456,
            "fracOEM": 0.41609057363112684,
            "fracEM": 0.2961186247363282
         },
         "Payload": {
            "mass": 475,
            "fracOEM": 0.0,
            "fracEM": 0.34365255150081797
         }
      },
      "MaxNormalStress": 50.413356204918756,
      "MaxShearStress": 85.01657790251892,
      "critBucklingStress": 208.62590895732043,
      "fatigueLife": 16266829.168551013,
      "deflectionX": 0.0016229049622287727,
      "deflectionY": 0.0017293915126609602,
      "maxVonMises": 155.64370221312916,
      "EOW": 13559.480293830757,
      "MTOW": 19053.080293830757,
      "cgOEM": 2.0,
      "cgMTOM": 1.965503215760193,
      "Passed": true,
      "w_fus": 1.3,
      "h_fus": 1.6,
      "l_fus": 4,
      "omaxVTOL": 7.954001221210987,
      "taumaxVTOL": 1.2305059828892297
   },
   "Single": {
      "config": 3,
      "WingLoading": 1422,
      "maxPerimeter": 8.77182,
      "mPropellers": 100.0,
      "weightFractions": {
         "Front wing": {
            "mass": 211.5286237107415,
            "fracOEM": 0.1757371087249508,
            "fracEM": 0.11993695644459858
         },
         "Back wing": {
            "mass": 0,
            "fracOEM": 0.0,
            "fracEM": 0.0
         },
         "Fuselage": {
            "mass": 112.48147152994906,
            "fracOEM": 0.09344914293411219,
            "fracEM": 0.06377711495991166
         },
         "Landing gear": {
            "mass": 77.24,
            "fracOEM": 0.06417067364120475,
            "fracEM": 0.043795162816588434
         },
         "Propulsion": {
            "mass": 400.0,
            "fracOEM": 0.3323183513267983,
            "fracEM": 0.22680042887927726
         },
         "Cargo": {
            "mass": 85,
            "fracOEM": 0.0,
            "fracEM": 0.04819509113684642
         },
         "Battery": {
            "mass": 402.415,
            "fracOEM": 0.3343247233729339,
            "fracEM": 0.22816973646863592
         },
         "Payload": {
            "mass": 475,
            "fracOEM": 0.0,
            "fracEM": 0.394628042200573
         }
      },
      "MaxNormalStress": 11.893964148371715,
      "MaxShearStress": 34.77187673935359,
      "critBucklingStress": 65.68414740743606,
      "fatigueLife": 1238700881.920172,
      "deflectionX": 0.0022379765285046012,
      "deflectionY": 0.0007750092078052468,
      "maxVonMises": 61.389873913318546,
      "EOW": 11807.954584311175,
      "MTOW": 17301.554584311176,
      "cgOEM": 1.8034995111211056,
      "cgMTOM": 1.827903392497636,
      "Passed": true,
      "w_fus": 1.3,
      "h_fus": 1.6,
      "l_fus": 4,
      "omaxVTOL": 5.835102506507375,
      "taumaxVTOL": 0.8611750612441588
   }
}