{
  "Aerodynamics": {
    "e": 0.85,
    "AR": 5.701,
    "CD0": 0.0202,
    "CLmax_front": 1.452,
    "CLmax_back": 0,
    "CLalpha_front": 4.754,
    "CLalpha_back": 0,
    "S_front": 22.933535108958836,
    "S_back": 0,
    "Sweep_front": 0,
    "Sweep_back": 0,
    "Cm_ac_front": 0.0463,
    "Cm_ac_back": 0,
    "LoD_ratio": 13.709,
    "MAC1": 1.738,
    "MAC2": 0,
    "Stot/Sw": 1.4,
    "c_r": 2.34,
    "c_t": 0.936,
    "xoc_ac": 0.263
  },
  "Stability and Control": {
    "Placeholder": 1
  },
  "Structures": {
    "MTOW": 18943.1,
    "EOW": 15352.7,
    "w_fus": 1.3,
    "h_fus": 1.6,
    "l_fus": 4
  },
  "Propulsion": {
    "eff_cruise": 1,
    "eff_hover": 1,
    "N_cruise": 6,
    "N_hover": 6,
    "TA": 2000,
    "Max_T_engine": 1
  },
  "Requirements": {
    "V_stall": 30,
    "V_max": 100,
    "ROC": 10,
    "n_turn": 2,
    "ROC_hover": 1.5,
    "ROD_hover": -0.5,
    "Loiter time": 900
  },
  "Flight performance": {
    "V_cruise": 49.40006485914412,
    "h_cruise": 1,
    "S": 23.678874999999998,
    "P": 1,
    "W/P_cruise": 0.059054936107583784,
    "W/P_hover": 0.029031044941885197,
    "W/S": 800.0,
    "P_tot": 652511.8209806293,
    "P_cruise": 320770.8152539571,
    "W/P hover": 0.029026658394069028,
    "W/P cruise": 0.05420912251503497,
    "P tot": 652610.4294482141,
    "P cruise": 349444.8742413439,
    "t_TO": 20,
    "t_land": 45,
    "Gamma descent": 5
  }
}