{
  "Aerodynamics": {
    "e": 0.7566,
    "AR": 10,
    "CDmin": 0.02667,
    "CLforCDmin": 0.2401,
    "CLmax_front": 1.452,
    "CLmax_back": 0,
    "CLalpha_front": 4.908,
    "CLalpha_back": 0,
    "S_front": 13.321448663853726,
    "S_back": 0,
    "Sweep_front": 0,
    "Sweep_back": 0,
    "Cm_ac_front": 0.0463,
    "Cm_ac_back": 0,
    "LD_ratio": 16.953,
    "MAC1": 1.22485,
    "MAC2": 0,
    "Stot/Sw": 1.4,
    "c_r": 1.64884,
    "c_t": 0.65953,
    "xoc_ac": 0.263,
    "t/c": 0.126
  },
  "Stability and Control": {
    "Placeholder": 1
  },
  "Structures": {
    "MTOW": 18943.1,
    "EOW": 15352.7,
    "w_fus": 1.3,
    "h_fus": 1.6,
    "l_fus": 4
  },
  "Propulsion": {
    "eff_P_cr": 0.94,
    "eff_D_cr": 0.92,
    "eff_F_cr": 0.83,
    "eff_M_cr": 0.95,
    "eff_PE_cr": 0.98,
    "eff_B_cr": 0.98,
    "eff_D_h": 0.96,
    "eff_F_h": 0.88,
    "eff_M_h": 0.92,
    "eff_PE_h": 0.95,
    "eff_B_h": 0.8,
    "eff_cruise": 0.9957,
    "eff_hover": 1,
    "N_cruise": 4,
    "N_hover": 6,
    "TA": 2000,
    "Max_T_engine": 11282.04410,
    "Max_T_wing_engine": 1114.78678,
    "V_e_LTO": 35.78922,
    "TW_ratio" : 2.5,
    "D_inner_ratio" : 0.1,
    "D_loading" : 80,
    "Prop_config" : 3,
    "Ducted" : 0,
    "DA_per_prop" : 4.0243,
    "P_cr_ideal_ADT" : 74886.1697,
    "P_cr_estim" : 134849.2483,
    "P_hover_estim" : 406794.8431,
    "E_hover" : 27.1197,
    "E_cr" : 170.62197,
    "E_tot" : 197.7416,
    "Bat_mass" : 395.4833,
    "Bat_volume" : 0.19774
  },
  "Requirements": {
    "V_stall": 40,
    "V_max": 100,
    "ROC": 10,
    "n_turn": 2,
    "ROC_hover": 1.5,
    "ROD_hover": -0.5,
    "Loiter time": 900
  },
  "Flight performance": {
    "V_cruise": 53.784640530260816,
    "h_cruise": 1,
    "S": 13.321448663853726,
    "P": 1,
    "WP_cruise": 0.059054936107583784,
    "WP_hover": 0.029031044941885197,
    "WS": 1422.0,
    "P_tot": 652511.8209806293,
    "P_cruise": 320770.8152539571,
    "W/P hover": 0.029087733970843892,
    "W/P cruise": 0.0679741528408497,
    "P tot": 651240.1419439419,
    "P cruise": 236761.15428792906,
    "t_TO": 20,
    "t_land": 45,
    "Gamma descent": 5,
    "WP hover": 0.029087733970843892,
    "WP cruise": 0.08000932440531604
  }
}