{
  "Aerodynamics": {
    "e": 1.1738,
    "AR": 7,
    "CDmin": 0.03204,
    "CLforCDmin": 0.2927,
    "CLmax_front": 1.781,
    "CLmax_back": 1.737,
    "CLalpha_front": 5.1686,
    "CLalpha_back": 4.6517,
    "S_front": 5.4278,
    "S_back": 5.4278,
    "Sweep_front": 0,
    "Sweep_back": 0,
    "Cm_ac_front": -0.0645,
    "Cm_ac_back": -0.0645,
    "LD_ratio": 17.04,
    "MAC1": 0.661,
    "MAC2": 0.661,
    "Stot/Sw": 1.4,
    "c_r": 0.8895,
    "c_t": 0.3558,
    "xoc_ac1": 0.25,
    "xoc_ac2": 0.25,
    "t/c": 0.17
  },
  "Stability and Control": {
    "Placeholder": 1
  },
  "Structures": {
    "MTOW": 18943.1,
    "EOW": 15352.7,
    "w_fus": 1.3,
    "h_fus": 1.6,
    "l_fus": 4
  },
  "Propulsion": {
    "eff_P_cr": 0.94,
    "eff_D_cr": 0.92,
    "eff_F_cr": 0.83,
    "eff_M_cr": 0.95,
    "eff_PE_cr": 0.98,
    "eff_B_cr": 0.98,
    "eff_D_h": 0.96,
    "eff_F_h": 0.88,
    "eff_M_h": 0.92,
    "eff_PE_h": 0.95,
    "eff_B_h": 0.8,
    "eff_cruise": 0.95137,
    "eff_hover": 1,
    "N_cruise": 24,
    "N_hover": 24,
    "TA": 2000,
    "Max_T_engine": 1973.24,
    "V_e_LTO": 126.53402,
    "TW_ratio" : 2.5,
    "D_inner_ratio" : 0.4,
    "D_loading" : 1000,
    "Prop_config" : 2,
    "Ducted" : 1,
    "DA_per_prop" : 0.0804896,
    "P_cr_ideal_ADT" : 92348.9514,
    "P_cr_estim" : 136686.0018,
    "P_hover_estim" : 1747112.83965,
    "E_hover" : 116.4742,
    "E_cr" : 169.75084,
    "E_tot" : 286.22503,
    "Bat_mass" : 572.4501,
    "Bat_volume" : 0.28623
  },
  "Requirements": {
    "V_stall": 40,
    "V_max": 100,
    "ROC": 10,
    "n_turn": 2,
    "ROC_hover": 1.5,
    "ROD_hover": -0.5,
    "Loiter time": 900
  },
  "Flight performance": {
    "V_cruise": 67.10128893817597,
    "h_cruise": 305,
    "S": 10.8556446991404,
    "P": 1,
    "W/P cruise": 0.07171469734048949,
    "W/P hover": 0.02910231219835984,
    "W/S": 1745.0,
    "P tot": 650913.9160794104,
    "t_TO": 20,
    "t_land": 45,
    "P cruise": 264145.2966058171,
    "Gamma descent": 5
  }
}