{
   "Aerodynamics": {
      "e": 1.1738,
      "AR": 7,
      "CDmin": 0.03204,
      "CLforCDmin": 0.2927,
      "CLmax_front": 1.781,
      "CLmax_back": 1.737,
      "CLalpha_front": 5.1686,
      "CLalpha_back": 4.6517,
      "S_front": 5.4278,
      "S_back": 5.4278,
      "Sweep_front": 0,
      "Sweep_back": 0,
      "Cm_ac_front": -0.0645,
      "Cm_ac_back": -0.0645,
      "LD_ratio": 17.04,
      "MAC1": 0.661,
      "MAC2": 0.661,
      "Stot/Sw": 1.4,
      "c_r": 0.8895,
      "c_t": 0.3558,
      "xoc_ac1": 0.25,
      "xoc_ac2": 0.25,
      "t/c": 0.17
   },
   "Stability and Control": {
      "Placeholder": 1
   },
   "Structures": {
      "config": 2,
      "WingLoading": 1422,
      "maxPerimeter": 8.77182,
      "mPropellers": 16.666666666666668,
      "weightFractions": {
         "Front wing": {
            "mass": 120.05706462342471,
            "fracOEM": 0.08699657029897653,
            "fracEM": 0.06188442572424457
         },
         "Back wing": {
            "mass": 120.05706462342471,
            "fracOEM": 0.08699657029897653,
            "fracEM": 0.06188442572424457
         },
         "Fuselage": {
            "mass": 90.21643376125438,
            "fracOEM": 0.06537324851687717,
            "fracEM": 0.04650282106860092
         },
         "Landing gear": {
            "mass": 77.24,
            "fracOEM": 0.055970176440427996,
            "fracEM": 0.03981400892928394
         },
         "Propulsion": {
            "mass": 400.0,
            "fracOEM": 0.28985073247243914,
            "fracEM": 0.20618337094398728
         },
         "Cargo": {
            "mass": 85,
            "fracOEM": 0.0,
            "fracEM": 0.043813966325597295
         },
         "Battery": {
            "mass": 572.4501,
            "fracOEM": 0.4148127019723026,
            "fracEM": 0.2950742282880565
         },
         "Payload": {
            "mass": 475,
            "fracOEM": 0.0,
            "fracEM": 0.3441977448110215
         }
      },
      "MaxNormalStress": 50.145799298170246,
      "MaxShearStress": -14.481958391348886,
      "critBucklingStress": 209.6121519610381,
      "fatigueLife": -9852788.541111927,
      "deflectionX": 0.00018933079737264106,
      "deflectionY": 0.001746226907322631,
      "maxVonMises": 56.069443940515875,
      "OEM": 1380.0206630081038,
      "MTOM": 1940.0206630081038,
      "cgOEM": 2.0,
      "cgMTOM": 1.9654642853668822,
      "Passed": false
   },
   "Propulsion": {
      "eff_P_cr": 0.94,
      "eff_D_cr": 0.92,
      "eff_F_cr": 0.83,
      "eff_M_cr": 0.95,
      "eff_PE_cr": 0.98,
      "eff_B_cr": 0.98,
      "eff_D_h": 0.96,
      "eff_F_h": 0.88,
      "eff_M_h": 0.92,
      "eff_PE_h": 0.95,
      "eff_B_h": 0.8,
      "eff_cruise": 0.95137,
      "eff_hover": 1,
      "N_cruise": 24,
      "N_hover": 24,
      "TA": 10000,
      "Max_T_engine": 1973.24,
      "Max_T_wing_engine": 1973.24,
      "V_e_LTO": 126.53402,
      "TW_ratio": 2.5,
      "D_inner_ratio": 0.4,
      "D_loading": 1000,
      "Prop_config": 2,
      "Ducted": 1,
      "DA_per_prop": 0.0804896,
      "P_cr_ideal_ADT": 92348.9514,
      "P_cr_estim": 136686.0018,
      "P_hover_estim": 1747112.83965,
      "E_hover": 116.4742,
      "E_cr": 169.75084,
      "E_tot": 286.22503,
      "Bat_mass": 572.4501,
      "Bat_volume": 0.28623
   },
   "Requirements": {
      "V_stall": 40,
      "V_max": 100,
      "ROC": 10,
      "n_turn": 2,
      "ROC_hover": 1.5,
      "ROD_hover": -0.5,
      "Loiter time": 900
   },
   "Flight performance": {
      "V_cruise": 55.587856802571984,
      "h_cruise": 305,
      "S": 10.8556446991404,
      "P": 1,
      "WP cruise": 0.07542935388410776,
      "WP hover": 0.01301494967559079,
      "WS": 1745.0,
      "P tot": 1455487.763854155,
      "t_TO": 20,
      "t_land": 45,
      "P cruise": 251136.9781730442,
      "Gamma descent": 5,
      "TWR": 1
   }
}