{
   "Aerodynamics": {
      "e": 1.1302,
      "AR": 7,
      "CLforCDmin": 0.2927,
      "CDmin": 0.03163,
      "CLmax_front": 1.781,
      "CLmax_back": 1.737,
      "CLalpha_front": 5.1685,
      "CLalpha_back": 4.6517,
      "S_front": 5.4278,
      "S_back": 5.4278,
      "Sweep_front": 0,
      "Sweep_back": 0,
      "Cm_ac_front": -0.0645,
      "Cm_ac_back": -0.0645,
      "LD_ratio": 17.157,
      "MAC1": 0.661,
      "MAC2": 0.661,
      "Stot/Sw": 1.4,
      "c_r": 0.8895,
      "c_t": 0.3558,
      "xoc_ac1": 0.25,
      "xoc_ac2": 0.25,
      "t/c": 0.17
   },
   "Stability and Control": {
      "Placeholder": 1
   },
   "Structures": {
      "config": 1,
      "WingLoading": 1422,
      "maxPerimeter": 8.77182,
      "mPropellers": 25.0,
      "weightFractions": {
         "Front wing": {
            "mass": 120.3865396527448,
            "fracOEM": 0.09205690154113973,
            "fracEM": 0.06445570935069328
         },
         "Back wing": {
            "mass": 120.3865396527448,
            "fracOEM": 0.09205690154113973,
            "fracEM": 0.06445570935069328
         },
         "Fuselage": {
            "mass": 90.21643376125438,
            "fracOEM": 0.06898649453758258,
            "fracEM": 0.04830244518984232
         },
         "Landing gear": {
            "mass": 77.24,
            "fracOEM": 0.05906370509151448,
            "fracEM": 0.04135478106280164
         },
         "Propulsion": {
            "mass": 400.0,
            "fracOEM": 0.3058710776360149,
            "fracEM": 0.21416251197722236
         },
         "Cargo": {
            "mass": 85,
            "fracOEM": 0.0,
            "fracEM": 0.045509533795159755
         },
         "Battery": {
            "mass": 499.511,
            "fracOEM": 0.38196491965260865,
            "fracEM": 0.26744132630063583
         },
         "Payload": {
            "mass": 475,
            "fracOEM": 0.0,
            "fracEM": 0.3632219046927677
         }
      },
      "MaxNormalStress": 50.5411071279063,
      "MaxShearStress": -14.553614386939387,
      "critBucklingStress": 209.6121519610381,
      "fatigueLife": -9623401.005862327,
      "deflectionX": 0.00019086468912730663,
      "deflectionY": 0.001760051307792468,
      "maxVonMises": 56.47854977675762,
      "EOW": 12828.934433184759,
      "MTOW": 18322.53443318476,
      "cgOEM": 2.0,
      "cgMTOM": 1.9641277792438152,
      "Passed": false,
      "w_fus": 1.3,
      "h_fus": 1.6,
      "l_fus": 4
   },
   "Propulsion": {
      "eff_P_cr": 0.94,
      "eff_D_cr": 0.92,
      "eff_F_cr": 0.83,
      "eff_M_cr": 0.95,
      "eff_PE_cr": 0.98,
      "eff_B_cr": 0.98,
      "eff_D_h": 0.96,
      "eff_F_h": 0.88,
      "eff_M_h": 0.92,
      "eff_PE_h": 0.95,
      "eff_B_h": 0.8,
      "eff_cruise": 0.9821998,
      "eff_hover": 1,
      "N_cruise": 16,
      "N_hover": 16,
      "TA": 2500,
      "Max_T_engine": 2959.86,
      "Max_T_wing_engine": 2959.86,
      "V_e_LTO": 63.267,
      "TW_ratio": 2.5,
      "D_inner_ratio": 0.2,
      "D_loading": 250,
      "Prop_config": 1,
      "Ducted": 0,
      "DA_per_prop": 0.48291,
      "P_cr_ideal_ADT": 71338.4874,
      "P_cr_estim": 122687.2176,
      "P_hover_estim": 1217433.1546,
      "E_hover": 47.9412,
      "E_cr": 168.5932,
      "E_tot": 216.5345,
      "Bat_mass": 499.511,
      "Bat_volume": 0.24976
   },
   "Requirements": {
      "V_stall": 40,
      "V_max": 100,
      "ROC": 10,
      "n_turn": 2,
      "ROC_hover": 1.5,
      "ROD_hover": -0.5,
      "Loiter time": 900
   },
   "Flight performance": {
      "V_cruise": 56.22569022931147,
      "h_cruise": 1,
      "S": 10.8556446991404,
      "WP cruise": 0.07778873138164696,
      "WP hover": 0.02602989935118158,
      "WS": 1745.0,
      "P tot": 727743.8819270775,
      "t_TO": 20,
      "t_land": 45,
      "P cruise": 243519.84745787134,
      "Gamma descent": 5,
      "TWR": 1
   }
}