{
  "Aerodynamics": {
    "e": 1.188,
    "AR": 5.701,
    "CD0": 0.0202,
    "CLmax_front": 1.781,
    "CLmax_back": 1.737,
    "CLalpha_front": 5.289,
    "CLalpha_back": 4.76,
    "S_front": 11.466767554479418,
    "S_back": 11.466767554479418,
    "Sweep_front": 0,
    "Sweep_back": 0,
    "Cm_ac_front": -0.0645,
    "Cm_ac_back": -0.0645,
    "LoD_ratio": 16.214,
    "MAC1": 0.869,
    "MAC2": 0.869,
    "Stot/Sw": 1.4,
    "c_r": 2.34,
    "c_t": 0.936,
    "xoc_ac1": 0.25,
    "xoc_ac2": 0.25
  },
  "Stability and Control": {
    "Placeholder": 1
  },
  "Structures": {
    "MTOW": 18943.1,
    "EOW": 15352.7,
    "w_fus": 1.3,
    "h_fus": 1.6,
    "l_fus": 4
  },
  "Propulsion": {
    "eff_cruise": 1,
    "eff_hover": 1,
    "N_cruise": 24,
    "N_hover": 24,
    "TA": 2000,
    "Max_T_engine": 1
  },
  "Requirements": {
    "V_stall": 30,
    "V_max": 100,
    "ROC": 10,
    "n_turn": 2,
    "ROC_hover": 1.5,
    "ROD_hover": -0.5,
    "Loiter time": 900
  },
  "Flight performance": {
    "V_cruise": 50.31154458936431,
    "h_cruise": 305,
    "S": 19.30998980632008,
    "P": 1,
    "W/P cruise": 0.06551285487182426,
    "W/P hover": 0.029052389492401832,
    "W/S": 981.0,
    "P tot": 652032.4259370903,
    "t_TO": 20,
    "t_land": 45,
    "P cruise": 289150.885533261,
    "Gamma descent": 5
  }
}